Feature,Importance
Previous Scores,0.8470282842023876
Hours Studied,0.14162246652379712
Sample Question Papers Practiced,0.005188133612288686
Sleep Hours,0.004818336420393841
Extracurricular Activities,0.0013427792411326684
